{"$schema":"http://schema.management.azure.com/schemas/2015-01-01/deploymentTemplate.json#","contentVersion":"1.0.0.0","parameters":{"factoryName":{"type":"string","metadata":"Data Factory name"},"ls_afnapp_archival_dev_002":{"type":"string"},"ls_adls_dmp_archival_datalake":{"type":"string"},"ls_adls_dmpdatalakedev_src":{"type":"string"},"ls_blob_archival_storage_account":{"type":"string"}},"variables":{"factoryId":"[concat('Microsoft.DataFactory/factories/', parameters('factoryName'))]"},"resources":[{"name":"[concat(parameters('factoryName'), '/pl_archival_child')]","type":"Microsoft.DataFactory/factories/pipelines","apiVersion":"2018-06-01","properties":{"activities":[{"name":"ac_setvar_set_no_of_days","type":"SetVariable","dependsOn":[],"userProperties":[],"typeProperties":{"variableName":"var_number_of_days","value":{"value":"@concat('-',pipeline().parameters.par_retention_period_days)","type":"Expression"}}},{"name":"ac_setvar_target_backup_date","type":"SetVariable","dependsOn":[{"activity":"ac_setvar_set_no_of_days","dependencyConditions":["Succeeded"]}],"userProperties":[],"typeProperties":{"variableName":"var_target_backup_folder_date","value":{"value":"@adddays(utcnow(),int(variables('var_number_of_days')),'yyyy-MM-dd')","type":"Expression"}}},{"name":"ac_getmd_src_folder_path","type":"GetMetadata","dependsOn":[{"activity":"ac_setvar_target_backup_date","dependencyConditions":["Succeeded"]}],"policy":{"timeout":"7.00:00:00","retry":0,"retryIntervalInSeconds":30,"secureOutput":false,"secureInput":false},"userProperties":[],"typeProperties":{"dataset":{"referenceName":"ds_adls_archival_datalake","type":"DatasetReference","parameters":{}},"fieldList":["childItems"],"storeSettings":{"type":"AzureBlobFSReadSettings","recursive":true}}},{"name":"ac_foreach_item_in_results","type":"ForEach","dependsOn":[{"activity":"ac_afnapp_dmp","dependencyConditions":["Succeeded"]}],"userProperties":[],"typeProperties":{"items":{"value":"@activity('ac_afnapp_dmp').output.results","type":"Expression"},"activities":[{"name":"ac_if_targetfolder_ticks_greater_item_date_ticks","type":"IfCondition","dependsOn":[],"userProperties":[],"typeProperties":{"expression":{"value":"@greater(ticks(variables('var_target_backup_folder_date')),ticks(item()))","type":"Expression"},"ifTrueActivities":[{"name":"ac_getmd_folder_to_archive","type":"GetMetadata","dependsOn":[],"policy":{"timeout":"7.00:00:00","retry":0,"retryIntervalInSeconds":30,"secureOutput":false,"secureInput":false},"userProperties":[],"typeProperties":{"dataset":{"referenceName":"ds_dmp_adls_folder_metadata","type":"DatasetReference","parameters":{}},"fieldList":["childItems"],"storeSettings":{"type":"AzureBlobFSReadSettings","recursive":true}}},{"name":"ac_web_dmp_lapp_archive_dev_001","type":"WebActivity","dependsOn":[{"activity":"ac_cp_adls_to_archive_sa","dependencyConditions":["Succeeded"]}],"policy":{"timeout":"7.00:00:00","retry":0,"retryIntervalInSeconds":30,"secureOutput":false,"secureInput":false},"userProperties":[],"typeProperties":{"url":"https://prod-44.eastus2.logic.azure.com:443/workflows/96417d3546364ca9aeadba240718961c/triggers/manual/paths/invoke?api-version=2016-10-01&sp=%2Ftriggers%2Fmanual%2Frun&sv=1.0&sig=Addz1ppvPxlqZcj4NczQ-hCpadoJo7uKzFmjvJ5SCaE","method":"POST","headers":{"FolderPath":{"value":"@concat('/',pipeline().parameters.par_abs_folder_path,item())","type":"Expression"},"Target_Container_Name":{"value":"@pipeline().parameters.par_dest_container_name","type":"Expression"}},"body":{"value":"@activity('ac_getmd_folder_to_archive').output.childItems","type":"Expression"}}},{"name":"ac_cp_adls_to_archive_sa","type":"Copy","dependsOn":[{"activity":"ac_getmd_folder_to_archive","dependencyConditions":["Succeeded"]}],"policy":{"timeout":"7.00:00:00","retry":0,"retryIntervalInSeconds":30,"secureOutput":false,"secureInput":false},"userProperties":[],"typeProperties":{"source":{"type":"BinarySource","storeSettings":{"type":"AzureBlobFSReadSettings","recursive":true}},"sink":{"type":"BinarySink","storeSettings":{"type":"AzureBlobStorageWriteSettings"}},"enableStaging":false},"inputs":[{"referenceName":"ds_adls_archival_datalake","type":"DatasetReference","parameters":{}}],"outputs":[{"referenceName":"ds_blob_archivalsa_destination","type":"DatasetReference","parameters":{}}]},{"name":"ac_del_folder_from_src_ticks_loop","type":"Delete","dependsOn":[{"activity":"ac_web_dmp_lapp_archive_dev_001","dependencyConditions":["Succeeded"]}],"policy":{"timeout":"7.00:00:00","retry":0,"retryIntervalInSeconds":30,"secureOutput":false,"secureInput":false},"userProperties":[],"typeProperties":{"dataset":{"referenceName":"ds_adls_archival_datalake","type":"DatasetReference","parameters":{}},"enableLogging":false,"storeSettings":{"type":"AzureBlobFSReadSettings","recursive":true}}}]}}]}},{"name":"ac_afnapp_dmp","type":"AzureFunctionActivity","dependsOn":[{"activity":"ac_getmd_src_folder_path","dependencyConditions":["Succeeded"]}],"policy":{"timeout":"7.00:00:00","retry":0,"retryIntervalInSeconds":30,"secureOutput":false,"secureInput":false},"userProperties":[],"typeProperties":{"functionName":"FilterDirectories","method":"POST","headers":{},"body":{"value":"@activity('ac_getmd_src_folder_path').output","type":"Expression"}},"linkedServiceName":{"referenceName":"[parameters('ls_afnapp_archival_dev_002')]","type":"LinkedServiceReference"}},{"name":"ac_foreach_item_in_result_years","type":"ForEach","dependsOn":[{"activity":"ac_afnapp_dmp","dependencyConditions":["Succeeded"]}],"userProperties":[],"typeProperties":{"items":{"value":"@activity('ac_afnapp_dmp').output.resultsYear","type":"Expression"},"activities":[{"name":"ac_if_years","type":"IfCondition","dependsOn":[],"userProperties":[],"typeProperties":{"expression":{"value":"@less(int(item()),int(substring(variables('var_target_backup_folder_date'),0,4)))","type":"Expression"},"ifTrueActivities":[{"name":"ac_getmd_folder_to_archive_years","type":"GetMetadata","dependsOn":[],"policy":{"timeout":"7.00:00:00","retry":0,"retryIntervalInSeconds":30,"secureOutput":false,"secureInput":false},"userProperties":[],"typeProperties":{"dataset":{"referenceName":"ds_dmp_adls_folder_metadata","type":"DatasetReference","parameters":{}},"fieldList":["childItems"],"storeSettings":{"type":"AzureBlobFSReadSettings","recursive":true}}},{"name":"ac_web_dmp_lapp_archive_dev_001_years","type":"WebActivity","dependsOn":[{"activity":"ac_cp_adls_to_archive_sa_years","dependencyConditions":["Succeeded"]}],"policy":{"timeout":"7.00:00:00","retry":0,"retryIntervalInSeconds":30,"secureOutput":false,"secureInput":false},"userProperties":[],"typeProperties":{"url":"https://prod-44.eastus2.logic.azure.com:443/workflows/96417d3546364ca9aeadba240718961c/triggers/manual/paths/invoke?api-version=2016-10-01&sp=%2Ftriggers%2Fmanual%2Frun&sv=1.0&sig=Addz1ppvPxlqZcj4NczQ-hCpadoJo7uKzFmjvJ5SCaE","method":"POST","headers":{"FolderPath":{"value":"@concat('/',pipeline().parameters.par_abs_folder_path,item())","type":"Expression"},"Target_Container_Name":{"value":"@pipeline().parameters.par_dest_container_name","type":"Expression"}},"body":{"value":"@activity('ac_getmd_folder_to_archive_years').output.childItems","type":"Expression"}}},{"name":"ac_cp_adls_to_archive_sa_years","type":"Copy","dependsOn":[{"activity":"ac_getmd_folder_to_archive_years","dependencyConditions":["Succeeded"]}],"policy":{"timeout":"7.00:00:00","retry":0,"retryIntervalInSeconds":30,"secureOutput":false,"secureInput":false},"userProperties":[],"typeProperties":{"source":{"type":"BinarySource","storeSettings":{"type":"AzureBlobFSReadSettings","recursive":true}},"sink":{"type":"BinarySink","storeSettings":{"type":"AzureBlobStorageWriteSettings"}},"enableStaging":false},"inputs":[{"referenceName":"ds_adls_archival_datalake","type":"DatasetReference","parameters":{}}],"outputs":[{"referenceName":"ds_blob_archivalsa_destination","type":"DatasetReference","parameters":{}}]},{"name":"ac_del_year_folders","type":"Delete","dependsOn":[{"activity":"ac_web_dmp_lapp_archive_dev_001_years","dependencyConditions":["Succeeded"]}],"policy":{"timeout":"7.00:00:00","retry":0,"retryIntervalInSeconds":30,"secureOutput":false,"secureInput":false},"userProperties":[],"typeProperties":{"dataset":{"referenceName":"ds_adls_archival_datalake","type":"DatasetReference","parameters":{}},"enableLogging":false,"storeSettings":{"type":"AzureBlobFSReadSettings","recursive":true}}}]}}]}}],"parameters":{"par_src_container_name":{"type":"string"},"par_dest_container_name":{"type":"string"},"par_abs_folder_path":{"type":"string"},"par_retention_period_days":{"type":"string"}},"variables":{"var_number_of_days":{"type":"String"},"var_target_backup_folder_date":{"type":"String"},"var_temp":{"type":"String"},"var_list_of_folder_to_backup":{"type":"Array"}},"annotations":[]},"dependsOn":["[concat(variables('factoryId'), '/datasets/ds_adls_archival_datalake')]","[concat(variables('factoryId'), '/datasets/ds_dmp_adls_folder_metadata')]","[concat(variables('factoryId'), '/datasets/ds_blob_archivalsa_destination')]"]},{"name":"[concat(parameters('factoryName'), '/ds_adls_archival_datalake')]","type":"Microsoft.DataFactory/factories/datasets","apiVersion":"2018-06-01","properties":{"linkedServiceName":{"referenceName":"[parameters('ls_adls_dmp_archival_datalake')]","type":"LinkedServiceReference"},"annotations":[],"type":"Binary","typeProperties":{"location":{"type":"AzureBlobFSLocation","folderPath":{"value":"@concat(pipeline().parameters.par_abs_folder_path,item())","type":"Expression"},"fileSystem":{"value":"@pipeline().parameters.par_src_container_name","type":"Expression"}}}},"dependsOn":[]},{"name":"[concat(parameters('factoryName'), '/ds_dmp_adls_folder_metadata')]","type":"Microsoft.DataFactory/factories/datasets","apiVersion":"2018-06-01","properties":{"linkedServiceName":{"referenceName":"[parameters('ls_adls_dmpdatalakedev_src')]","type":"LinkedServiceReference"},"annotations":[],"type":"Binary","typeProperties":{"location":{"type":"AzureBlobFSLocation","folderPath":{"value":"@concat(pipeline().parameters.par_abs_folder_path,item())","type":"Expression"},"fileSystem":{"value":"@pipeline().parameters.par_src_container_name","type":"Expression"}}}},"dependsOn":[]},{"name":"[concat(parameters('factoryName'), '/ds_blob_archivalsa_destination')]","type":"Microsoft.DataFactory/factories/datasets","apiVersion":"2018-06-01","properties":{"linkedServiceName":{"referenceName":"[parameters('ls_blob_archival_storage_account')]","type":"LinkedServiceReference"},"annotations":[],"type":"Binary","typeProperties":{"location":{"type":"AzureBlobStorageLocation","folderPath":{"value":"@concat(pipeline().parameters.par_abs_folder_path,item())","type":"Expression"},"container":{"value":"@pipeline().parameters.par_dest_container_name","type":"Expression"}}}},"dependsOn":[]}]}