{"$schema":"http://schema.management.azure.com/schemas/2015-01-01/deploymentTemplate.json#","contentVersion":"1.0.0.0","parameters":{"factoryName":{"type":"string","metadata":"Data Factory name"},"ls_dmpdatalake_new":{"type":"string"},"ls_adls_dmp_archival_datalake":{"type":"string"}},"variables":{"factoryId":"[concat('Microsoft.DataFactory/factories/', parameters('factoryName'))]"},"resources":[{"name":"[concat(parameters('factoryName'), '/pl_copy_from_dmpdatalake')]","type":"Microsoft.DataFactory/factories/pipelines","apiVersion":"2018-06-01","properties":{"activities":[{"name":"ac_cpy_from_dmpdatalakedev_to_archivaladls","type":"Copy","dependsOn":[],"policy":{"timeout":"7.00:00:00","retry":0,"retryIntervalInSeconds":30,"secureOutput":false,"secureInput":false},"userProperties":[],"typeProperties":{"source":{"type":"BinarySource","storeSettings":{"type":"AzureBlobFSReadSettings","recursive":true}},"sink":{"type":"BinarySink","storeSettings":{"type":"AzureBlobFSWriteSettings"}},"enableStaging":false},"inputs":[{"referenceName":"ds_adls_dmpdatalake_raw_new","type":"DatasetReference","parameters":{}}],"outputs":[{"referenceName":"ds_dmparchivaldatalake_raaw","type":"DatasetReference","parameters":{}}]}],"concurrency":1,"annotations":[]},"dependsOn":["[concat(variables('factoryId'), '/datasets/ds_adls_dmpdatalake_raw_new')]","[concat(variables('factoryId'), '/datasets/ds_dmparchivaldatalake_raaw')]"]},{"name":"[concat(parameters('factoryName'), '/ds_adls_dmpdatalake_raw_new')]","type":"Microsoft.DataFactory/factories/datasets","apiVersion":"2018-06-01","properties":{"linkedServiceName":{"referenceName":"[parameters('ls_dmpdatalake_new')]","type":"LinkedServiceReference"},"folder":{"name":"Misc Datasets"},"annotations":[],"type":"Binary","typeProperties":{"location":{"type":"AzureBlobFSLocation","folderPath":"raw/","fileSystem":"dmpdatalake"}}},"dependsOn":[]},{"name":"[concat(parameters('factoryName'), '/ds_dmparchivaldatalake_raaw')]","type":"Microsoft.DataFactory/factories/datasets","apiVersion":"2018-06-01","properties":{"linkedServiceName":{"referenceName":"[parameters('ls_adls_dmp_archival_datalake')]","type":"LinkedServiceReference"},"folder":{"name":"Misc Datasets"},"annotations":[],"type":"Binary","typeProperties":{"location":{"type":"AzureBlobFSLocation","folderPath":"raw","fileSystem":"dmpdatalake"}}},"dependsOn":[]}]}